image,part_id,top1,rank,ap,recall@1,recall@5,recall@10
data/raw/catalog_images/16450-K03-H11/6.jpg,16450-K03-H11,16450-K03-H11,1,1.0,1.0,1.0,1.0
data/raw/catalog_images/330408-P1200050/1.jpg,330408-P1200050,330408-P1200050,1,1.0,1.0,1.0,1.0
data/raw/catalog_images/331248/5.jpg,331248,331248,1,1.0,1.0,1.0,1.0
data/raw/catalog_images/331320/6.jpg,331320,95701-06016-00,3,0.3333333333333333,0.0,1.0,1.0
data/raw/catalog_images/331718/6.jpg,331718,331320,6,0.16666666666666666,0.0,0.0,1.0
data/raw/catalog_images/335678/6.jpg,335678,335678,1,1.0,1.0,1.0,1.0
data/raw/catalog_images/335708/1.jpg,335708,335708,1,1.0,1.0,1.0,1.0
data/raw/catalog_images/7100300-N9101180/3.jpg,7100300-N9101180,N3170080,2,0.5,0.0,1.0,1.0
data/raw/catalog_images/94201-30280-330028/3.jpg,94201-30280-330028,94201-30280-330028,1,1.0,1.0,1.0,1.0
data/raw/catalog_images/95701-06016-00/2.jpg,95701-06016-00,M1200480-N8200260,2,0.5,0.0,1.0,1.0
data/raw/catalog_images/IP-02-0125/1.jpg,IP-02-0125,N2081400,18,0.05555555555555555,0.0,0.0,0.0
data/raw/catalog_images/IP-02-0209/2.jpg,IP-02-0209,IP-02-0209,1,1.0,1.0,1.0,1.0
data/raw/catalog_images/IP-02-0274/4.jpg,IP-02-0274,IP-02-0274,1,1.0,1.0,1.0,1.0
data/raw/catalog_images/IP-03-0318/4.jpg,IP-03-0318,IP-03-0318,1,1.0,1.0,1.0,1.0
data/raw/catalog_images/K130190/2.jpg,K130190,N8111720,4,0.25,0.0,1.0,1.0
data/raw/catalog_images/K140820/1.jpg,K140820,ND040310,13,0.07692307692307693,0.0,0.0,0.0
data/raw/catalog_images/K6111340/3.jpg,K6111340,K6111340,1,1.0,1.0,1.0,1.0
data/raw/catalog_images/M1200480-N8200260/2.jpg,M1200480-N8200260,95701-06016-00,19,0.05263157894736842,0.0,0.0,0.0
data/raw/catalog_images/M7101020/1.jpg,M7101020,N4080290,8,0.125,0.0,0.0,1.0
data/raw/catalog_images/N2081400/2.jpg,N2081400,ND040310,5,0.2,0.0,1.0,1.0
data/raw/catalog_images/N2081470/1.jpg,N2081470,N2081470,1,1.0,1.0,1.0,1.0
data/raw/catalog_images/N2081720/2.jpg,N2081720,N5120820,5,0.2,0.0,1.0,1.0
data/raw/catalog_images/N3100220/2.jpg,N3100220,N3100220,1,1.0,1.0,1.0,1.0
data/raw/catalog_images/N31023507D/2.jpg,N31023507D,N31023507D,1,1.0,1.0,1.0,1.0
data/raw/catalog_images/N3160250/1.jpg,N3160250,N3160250,1,1.0,1.0,1.0,1.0
data/raw/catalog_images/N3170080/2.jpg,N3170080,N3200340,5,0.2,0.0,1.0,1.0
data/raw/catalog_images/N3200040/3.jpg,N3200040,N3200040,1,1.0,1.0,1.0,1.0
data/raw/catalog_images/N3200090/1.jpg,N3200090,N2081720,19,0.05263157894736842,0.0,0.0,0.0
data/raw/catalog_images/N3200340/4.jpg,N3200340,N3200340,1,1.0,1.0,1.0,1.0
data/raw/catalog_images/N4080290/2.jpg,N4080290,N4080290,1,1.0,1.0,1.0,1.0
data/raw/catalog_images/N5070400-N5070470/4.jpg,N5070400-N5070470,K6111340,3,0.3333333333333333,0.0,1.0,1.0
data/raw/catalog_images/N5081020/1.jpg,N5081020,N5081020,1,1.0,1.0,1.0,1.0
data/raw/catalog_images/N5110740/3.jpg,N5110740,N5110740,1,1.0,1.0,1.0,1.0
data/raw/catalog_images/N5120820/1.jpg,N5120820,N5120820,1,1.0,1.0,1.0,1.0
data/raw/catalog_images/N5200710/1.jpg,N5200710,N5200710,1,1.0,1.0,1.0,1.0
data/raw/catalog_images/N52203794D/3.jpg,N52203794D,N52203794D,1,1.0,1.0,1.0,1.0
data/raw/catalog_images/N8110970/2.jpg,N8110970,N31023507D,2,0.5,0.0,1.0,1.0
data/raw/catalog_images/N8111720/4.jpg,N8111720,N8122610,29,0.034482758620689655,0.0,0.0,0.0
data/raw/catalog_images/N8122610/3.jpg,N8122610,N3200040,2,0.5,0.0,1.0,1.0
data/raw/catalog_images/N8200090/2.jpg,N8200090,331718,7,0.14285714285714285,0.0,0.0,1.0
data/raw/catalog_images/N8200350/2.jpg,N8200350,N8200350,1,1.0,1.0,1.0,1.0
data/raw/catalog_images/N8211810/4.jpg,N8211810,N8211810,1,1.0,1.0,1.0,1.0
data/raw/catalog_images/N82207994D/1.jpg,N82207994D,N82207994D,1,1.0,1.0,1.0,1.0
data/raw/catalog_images/N9100840/1.jpg,N9100840,N8122610,16,0.0625,0.0,0.0,0.0
data/raw/catalog_images/N9112880-42702-QSM-A00-44702-TAC-A00/1.jpg,N9112880-42702-QSM-A00-44702-TAC-A00,N9112880-42702-QSM-A00-44702-TAC-A00,1,1.0,1.0,1.0,1.0
data/raw/catalog_images/ND040310/2.jpg,ND040310,331320,11,0.09090909090909091,0.0,0.0,0.0
data/raw/catalog_images/ND080100/3.jpg,ND080100,ND080100,1,1.0,1.0,1.0,1.0
data/raw/catalog_images/ND160870/2.jpg,ND160870,ND160870,1,1.0,1.0,1.0,1.0
data/raw/catalog_images/ND222260/4.jpg,ND222260,ND222260,1,1.0,1.0,1.0,1.0
data/raw/catalog_images/NF150260/1.jpg,NF150260,NF150260,1,1.0,1.0,1.0,1.0
